<?xml version="1.0" encoding="UTF-8"?>
<project-private xmlns="http://www.netbeans.org/ns/project-private/1">
    <editor-bookmarks xmlns="http://www.netbeans.org/ns/editor-bookmarks/2" lastBookmarkId="0"/>
    <open-files xmlns="http://www.netbeans.org/ns/projectui-open-files/2">
        <group>
            <file>file:/C:/Users/juank/OneDrive/Documentos/NetBeansProjects/VerduleriaParcial/src/Modelo/Persona.java</file>
            <file>file:/C:/Users/juank/OneDrive/Documentos/NetBeansProjects/VerduleriaParcial/src/Modelo/Producto.java</file>
            <file>file:/C:/Users/juank/OneDrive/Documentos/NetBeansProjects/VerduleriaParcial/src/Controlador/ProductoDao.java</file>
            <file>file:/C:/Users/juank/OneDrive/Documentos/NetBeansProjects/VerduleriaParcial/src/Controlador/UsuarioDao.java</file>
            <file>file:/C:/Users/juank/OneDrive/Documentos/NetBeansProjects/VerduleriaParcial/src/Modelo/Usuario.java</file>
            <file>file:/C:/Users/juank/OneDrive/Documentos/NetBeansProjects/VerduleriaParcial/src/Vista/Login.java</file>
            <file>file:/C:/Users/juank/OneDrive/Documentos/NetBeansProjects/VerduleriaParcial/src/Conexion/Conexion.java</file>
            <file>file:/C:/Users/juank/OneDrive/Documentos/NetBeansProjects/VerduleriaParcial/src/Vista/Main.java</file>
        </group>
    </open-files>
</project-private>
